urlid,label
5865,0.9999990524374884
782,0.014527228000293765
6962,0.14614244547444064
7640,0.11372357986490375
3589,0.013094463048998166
6719,0.01979493331735878
3905,0.0002943602473820715
9841,0.9999970343916873
7447,0.1689949362621829
4776,0.0033027013007529953
2879,0.12949809893664238
2620,0.12949809893664238
10479,0.08901617319804708
1105,0.03372231277790486
1849,0.9999999972353266
8286,0.0004587365135930116
8344,0.9999981091481366
10486,0.9999968342473762
8661,0.9999976067906569
7188,0.365081428134947
1433,0.9999970673026166
677,0.9999999629866911
469,0.9912923450382869
6988,0.11928026380192923
8024,0.03828418306810965
6896,0.03320016557184284
9154,0.0711652051340806
342,0.12949809893664238
50,0.0012872138438164613
983,0.11326645527661033
6933,0.0010818680363671052
8271,0.11670947725187027
5602,0.12949809893664238
4505,0.21942715750475944
4966,0.999998146385889
2390,0.05985532300733915
6736,0.9999999675994945
4660,0.9999976294331031
7560,0.9999988157431248
3840,0.9999997669744454
5823,0.9999999480586123
5789,0.9999972014082864
1595,0.12949809893664238
6770,0.999999999771868
3522,0.9999985773675723
5584,0.9999981852249933
8323,0.9999994912167302
3862,0.9999983143086789
373,0.00035839652438887756
7345,0.061325398822065454
7708,0.9999994066675149
1398,0.9999986646987905
4298,0.0001914219838844894
7467,0.013990008505106332
1878,0.999999933161536
1832,3.89630737933834e-05
625,0.006337310101996703
7438,0.0005691203081789275
9961,0.9999986231859133
7117,0.05166577601627703
8190,0.06905206548473632
1713,0.9999999916698606
949,0.08069623671303976
9246,0.07827676962942717
2326,0.18004182754667836
8942,0.015029999048982052
4458,0.9999999975676851
4659,0.0001784681272344393
9522,0.10120085961408991
2497,0.9999980893996067
9836,0.12949809893664238
3808,0.999997105624955
5575,0.9999988829075817
5714,0.12949809893664238
2490,0.10155006403265339
6812,0.9999999989927929
4335,0.0003349730071234104
10014,0.9999973584969986
5889,0.9723286577446772
482,0.9999982097722284
8082,0.11949832013006835
5856,0.9999977377610216
8866,0.00017763122412910732
2624,0.9999962487463744
1371,0.9999998707577207
4436,0.09118392913214453
2972,0.9999976173821533
3638,0.8104905665160663
6249,0.12949809893664238
7602,0.06974042359804879
9624,0.9999979279895359
7567,0.0014816620347377978
6578,0.9999999999892237
7590,0.372032444389939
8590,0.9999976394955004
10520,0.9999999946017842
1906,0.12949809893664238
1373,0.10605176126479068
1601,0.9999979428926962
4754,0.0013318468052108652
8208,0.08176198905648285
1658,0.9999976230955068
1352,0.999999574719538
8143,0.9999971341732407
7760,0.6320804605001826
7836,0.372032444389939
9769,0.009681598545691733
503,0.9999999741307335
4909,0.09245595080116158
7162,0.0002789663165114196
10035,0.018192457102378486
1992,0.009347042067460334
6133,1.1970207825034011e-05
8519,0.00021445337512224945
1879,0.12949809893664238
7107,0.9999999998084644
1225,0.002346955176093655
2451,0.9999987394983841
8252,0.0038319282768237567
9214,0.9999999751191752
4850,0.9999975434232935
5891,0.11182035507373818
5274,0.9954031573023345
8623,0.12083322187420813
562,0.9999980000878087
860,0.8672417683106903
4199,0.9999981823151985
7616,0.9999918514128803
10544,0.13990460608027974
1567,0.9999978700233998
6552,0.06192594959058538
954,3.437568154380507e-05
111,0.06226287600919546
7036,0.9999998358702754
1995,0.9999979443816812
7095,0.12949809893664238
10180,0.9999999623022552
6872,0.007453620321223922
4805,0.9999993596117034
355,0.999999598936521
8097,0.9999976433557228
9271,0.9999971195219081
431,0.8952763249432015
1646,1.6299705423078686e-05
143,0.9999992495793488
3436,0.08977419162545085
150,0.9999913739706819
9745,0.0007204727735754697
715,0.0009603955028753577
578,0.9959922314306306
8684,0.9999970720145893
1186,0.9999999309953341
9115,0.00035599173318593053
9239,0.10618133318774511
5461,0.9999927037851073
5424,0.9999980092168647
1349,0.999997790361652
609,0.9999981803835588
7569,0.0005524387196962896
1622,1.8787037788988117e-05
6541,0.002855348414977789
9873,0.005823043195806249
305,0.021712538947273232
6041,0.999999545413496
5360,0.18045672808637248
8445,0.9999999878111273
7260,0.06013606196090422
4526,0.999997714488711
138,0.888853969415716
168,0.0022843508121989276
7888,0.9999985840281129
4639,0.999991682216937
867,0.00019858222433067585
9673,0.9999959762409188
710,0.11176600730099963
4749,0.0018803255095058181
4716,0.04668105430473591
410,0.9999980792583727
2155,0.9999944446082386
3289,0.9999999999692954
7774,0.12949809893664238
1200,0.12949809893664238
9057,0.12949809893664238
2261,0.12949809893664238
9612,0.12949809893664238
4987,0.004459074784489987
3605,0.9999985547971343
5068,0.999998101427199
4474,0.999997499224766
5831,0.9999972873387994
4729,0.9971723410832563
10060,0.9971725337499547
6895,0.7087093400370951
3791,0.9999972472095757
7910,0.0011635123338196616
4209,0.12891171827043135
4984,0.9999980617307072
1773,0.0032685290636440393
2101,0.1498152601606909
7251,0.9999999891283115
2887,0.021539408897240042
875,0.9999997593791988
8185,0.04122593550692912
9688,0.9999981043892199
5342,0.11303428149053488
6802,0.9999993244482793
3077,0.00123467495359751
712,0.01002534703489937
3026,0.12949809893664238
2640,0.06326825361686905
4872,0.9999999997839448
3334,0.9999975963203341
2431,0.929125101078004
9218,0.0008602532882542222
7417,0.9999982908311842
3563,0.9999979864614127
1006,0.9999999997593131
8940,0.004836776247273389
7703,0.0050089912154561815
2686,0.07114626868121604
8159,0.999996770982578
37,0.12949809893664238
65,0.0002817705454805226
1910,0.12949809893664238
2202,0.9999975785947571
9717,0.9999993491807566
2388,0.9999980061599028
2365,0.9999999999919293
5072,0.43529551983766596
4614,0.22936465080430163
6955,0.09552462171814162
4094,0.004742230210595773
3319,0.9999995197448189
1456,0.9999983359127745
5381,0.9999981173643943
4479,0.372032444389939
4766,0.00010404984799840337
6076,0.5988739353535679
8064,0.002229767162401308
3416,0.9999976327520229
4892,4.224827167914177e-05
9942,0.999997630036123
9215,0.9970822045980202
4506,0.9999998712913636
9275,8.337887173518704e-06
1306,0.9999977747750051
6828,0.9999971591953725
8368,0.9999956798964889
7205,0.025278877988090594
360,0.8818863364466629
3386,0.6639400629085996
3835,0.06187035040978075
1305,0.017029629504426033
7963,0.09810524162667743
2073,0.999984911386996
4230,0.12949809893664238
9012,0.03848907908126888
2723,0.999996920777915
6788,0.9999978465697573
7945,0.026222652524731323
4868,0.9999971787932963
6597,3.0491027392621425e-05
7323,0.05824562489378643
6229,0.11408898387460119
3427,0.12949809893664238
7727,0.002817309570403171
4707,0.9999970314261009
2547,0.9999980489965126
4523,0.9999990446281435
9648,0.0009908642692990875
1084,0.12189971030589412
3327,0.9999981971233687
5591,0.08506266744238299
186,0.0006159118085496187
2938,0.00010505343072865963
9912,0.9999996668494017
6047,0.12949809893664238
2417,0.9999994397455481
10533,0.09241022338859894
1137,0.012966126211162084
1533,0.999997131663313
9233,0.9999999991305756
43,0.09088034977236206
8986,0.0025680629914815816
6000,0.9999967871594851
480,0.00032286052493017947
2457,0.9915517943492458
5362,0.40455472002912873
7722,0.9999999999367098
7940,0.9731063558721083
6104,0.9999978950364368
8853,0.17044687928690186
5813,0.9999974043991706
4769,0.007610923681486446
2544,0.12949809893664238
6379,0.0719543543123809
5262,0.04825331831712572
9885,0.01728778949120185
10081,0.005300729128211251
1315,0.004517457490225818
3388,0.11917880406906216
3473,0.9999997644959815
2117,0.12949809893664238
9411,0.08814286288392492
9379,0.9999971848773614
4236,0.017205203712296627
2049,0.12304400029860248
4786,0.012739603085843536
1604,0.030466214743320796
7659,0.0038063653181345343
8152,0.0005659401858199933
5417,4.859150075748773e-05
160,0.11817981203813122
6826,0.9999977721745326
1815,0.19896462443178697
3647,0.9999999864251096
5605,0.12643685914261862
3526,0.9999979866453882
3854,0.9999980513221893
1053,0.11996471681550719
2411,0.12949809893664238
6015,0.12949809893664238
2089,0.999997590874489
7745,0.4455167619577956
6816,0.9965704518171045
3934,0.0002207001723906291
6547,0.0032136848702727584
3758,0.9999981098864399
7158,0.9999984090923005
1584,0.12568164874931365
2982,0.999994477079328
7679,0.9999983842742529
5286,0.9999975628509916
3776,0.9999929662408203
1235,0.9999997402568297
6294,0.997252749202526
1012,0.9999999781888455
10318,0.11273905208125366
7134,0.9999959793018329
5180,0.829951575881192
2108,0.9372444948062957
3639,0.4186691862298404
6729,0.8659729845079421
2472,0.008247424329151279
10235,0.9999999998777931
190,0.9999974330259627
4713,0.00037631272292620865
6827,0.0005919808810411758
6108,0.9999966773042656
1114,0.9999975958918645
4848,0.12949809893664238
606,0.14421541284116465
1573,0.9999999918307362
8546,0.04117860910841163
5193,0.9999964314685691
2936,0.965651687225022
5104,0.9999999971474205
6712,0.00019750230478035504
3055,0.09522087881124672
74,0.9999973725441457
7726,0.999999918638121
9183,0.9999999997095362
162,0.11728947528338522
7288,0.9999999962368892
8657,0.9999982078818378
1295,0.04114064395852917
8207,0.31622565348362497
4433,0.9999970129225166
590,0.9999986555524977
10549,0.1273278855288061
7749,0.11602842461383302
405,0.999998045962533
10267,0.9999980951350214
7133,0.12949809893664238
7584,0.2276092943916567
6616,0.9999981749125518
1719,0.12949809893664238
9761,0.0009671236412452235
5859,0.0001272523138548765
5662,0.1007105643866337
1736,0.004621837686068265
9333,0.9999999933503748
1102,0.11624123295438063
2790,0.005705124188614922
6598,0.9999998472370412
7995,0.9999971489997329
4452,0.9999977592161988
159,0.12949809893664238
511,0.9999996481115075
7006,0.7591135144547803
1123,0.9999980330573185
6073,0.9761385345604742
7094,0.08329596645443761
10008,0.0009818803977849713
7573,0.01170081915889342
679,0.0018846136439994437
6809,0.0013557631137613012
1108,0.12400192511007802
380,0.0738834291452889
204,0.1180071346462473
7075,0.100528537378862
2550,0.0031912910625478768
9785,0.4297223151991412
5036,0.12949809893664238
3129,0.9176096239049295
6495,0.9999985061537108
880,0.08022195360093329
2360,0.23934891858296475
7839,0.0038571356308660814
350,0.10732139927446972
9151,0.9999991615521374
6650,0.9999981183265604
7208,0.9999975686248337
5840,0.9999852626024781
5997,0.08180621870686025
2103,0.9999977760441168
713,0.029485986196197238
7771,0.39680764973103283
10255,0.061498703262199306
3944,0.999996906993408
4250,0.00016828573926463966
2833,0.004181710947118019
3052,0.00033246787812470704
7855,0.9999972725895797
4152,0.0004661155886908191
4445,0.9999953058326329
10036,0.372032444389939
9727,0.0035605435627479513
2234,0.001978896744133969
9632,0.9999979642991
626,0.0005178754896555043
1644,0.08935643762008902
4859,0.9999975730339619
3987,0.002273076259036097
5884,0.9999971601954506
4112,0.19611218722588514
10392,0.11400896212940946
2962,0.11656704140643862
21,0.12949809893664238
8524,0.9999974983842785
2543,0.9999999998146166
663,0.12949809893664238
2748,0.9999987277938898
3451,0.001344538420118226
964,0.9999975495392377
10560,0.999999988760726
2428,0.12949809893664238
4520,0.011168789287048632
7660,0.9951457052743233
6583,0.12949809893664238
10390,0.12949809893664238
688,0.11961243719509403
7957,0.9999980161915335
3356,0.9999999684705152
1766,0.16927958014672828
9128,0.0001463202841663955
2340,0.12949809893664238
9421,0.12949809893664238
7712,0.2264982874674605
8200,0.07392075296775442
8762,0.00417746072479061
6446,0.12949809893664238
5194,0.08348315304876204
960,0.12028961608288632
779,0.9999971316717022
3584,0.08055163663877594
3011,0.0002655040609270647
2769,0.0009521666761684261
1392,0.12949809893664238
7254,0.9999977427147314
9084,0.999999999992706
9622,0.9999999997914335
3665,0.12949809893664238
1609,0.11826784462634976
6130,0.018715744845724806
10155,0.0825312641252163
7826,0.9999977868246224
8300,0.12949809893664238
5038,0.12949809893664238
7582,0.9999978923703781
9561,0.08760519002053571
7430,0.9999999811772989
5045,0.9402320366750512
10421,0.017654321349007893
5675,0.12189869928872527
4687,0.10501144522546024
4944,0.9999999975381204
5105,0.9999975535857173
148,0.12949809893664238
6371,0.12949809893664238
8108,0.8491698346142756
4354,0.12949809893664238
6077,0.7037986347081434
4292,0.12949809893664238
10068,0.12949809893664238
5821,0.7953929934890878
1042,0.9999999068532252
7715,0.03249222055198524
9703,0.014813565104480024
2761,0.13776780984653847
7002,0.11574813542659732
7313,0.0003505961986690625
9050,0.70459702438266
5518,0.07431575373692033
10556,0.9999999890599351
1078,0.017097833978552676
9699,0.12949809893664238
10445,0.9999998090664461
8748,0.1876338066584426
2960,0.04075333087488543
4317,0.00027686180678950065
939,0.001662233739780969
8423,0.06570788941693453
5196,0.11567455629733236
8151,0.07220992747586669
7199,0.9999991369824549
1574,0.9999977436126364
8566,0.12949809893664238
7389,0.39900544731493803
1177,0.999999226236528
10282,0.9999999979851674
10098,0.12949809893664238
4512,0.000542584942045366
4055,0.9999980900710799
8431,0.9999999995426763
4532,0.9999999999650834
10450,0.0007860031592514764
5754,0.9999980425849316
1882,0.9999972657881615
1563,0.9999985837588671
4871,0.9999981348449498
8440,0.061559975472015645
3253,0.9999999760420027
8270,0.865698400719544
4610,0.12048837320863831
9619,0.08678891825050111
8786,0.02274453444300076
2889,0.9955961515537399
9781,0.0002589969338283446
5061,0.0013070972745534263
7059,0.999997078793653
2064,0.6788478239285443
1587,0.962424726860951
1934,0.9999971794018532
5516,0.10238731807805074
9853,0.0015127741898161582
7867,0.9480885994484497
1556,0.9999980529600727
5495,0.12949809893664238
4274,0.029543281078218155
8177,0.12949809893664238
9491,0.9999969562663535
9813,0.0012978472885576404
2205,0.0023403217986046857
2710,0.12949809893664238
2992,0.11197985362798973
7998,0.004749285099798798
6428,0.0004634261778642737
6638,0.028947210677949697
3035,0.0036324008160354723
1578,0.0003045352997171794
1324,0.9905395313607562
2316,0.9999980998360506
9326,0.12949809893664238
7359,0.9999968863020394
7741,0.12949809893664238
5143,0.0044119390952769445
8196,0.011052895340048673
630,0.00417746072479061
8481,0.9970433606732557
8497,0.0027352405875375354
5409,0.9999981339889096
5749,0.12949809893664238
8219,0.9999999972765489
9571,0.9999977134926948
4886,0.9999970913594599
5367,0.0019667692261885355
1185,0.07215453749580068
8291,0.9971629336503665
1590,0.12949809893664238
7698,0.015103663041717931
51,0.9999999999325462
8784,0.001588562731501522
3928,0.010740182036306558
5987,0.12410719391896897
7008,0.9999970717755692
7482,0.9999979244518947
9374,0.12411744074056205
1296,0.12949809893664238
10289,0.9999980080309979
2986,0.0040069155420042945
4651,0.00016459651439075867
8594,0.12949809893664238
7469,0.0006020842616522256
2871,0.11610795405216746
1903,0.9999973349200612
8571,0.9999978627168118
4832,0.9999983906487943
1242,0.9999975850373616
7115,0.12949809893664238
3599,0.12949809893664238
2065,0.9999889675428286
4529,0.7917748835998324
763,0.12949809893664238
6698,0.9999993222323103
2002,0.9999969868844988
2020,0.999998224553162
5229,0.5587172518032435
8243,0.07096995668714362
6936,0.9999999977738676
9360,0.9999960228400324
4360,0.04596846081480361
7951,0.20758185923433958
6701,0.9999999964280799
7574,0.9999979994752051
2426,0.07091618749530297
1681,0.9999981654239632
7135,0.12949809893664238
3688,0.04549760682848307
3872,0.7245389051112134
558,0.10325680133628291
2228,0.9999984230278665
8170,0.0004375680590927325
7171,0.9587882649583481
7756,0.03628693776339053
3609,0.9999929378833912
3985,0.12949809893664238
1139,0.06937375062879046
3453,0.9999979609056597
7583,0.42228018096613473
9788,0.9881929944510108
10175,0.12949809893664238
6059,0.0907448994506265
104,0.0005332103311104648
10168,0.10562336443375289
8902,0.9999974572698153
5343,0.9999969150356431
4239,0.11994860110166532
6767,0.92242723901181
6269,0.054079718800853764
6682,0.012438414646829607
9558,0.014115323101353792
2416,0.03707293367187009
6592,0.9969712707504105
6196,0.00019782947415147013
2751,0.999996904122914
3412,0.993949403127786
8302,0.9999999988609388
1120,0.9746483993620321
8005,0.10238429368872366
6637,0.000397754389386069
6440,0.12949809893664238
6679,0.999997806087772
8039,0.9999982497638578
5357,0.9999980317664904
8844,0.9999994260741931
2964,0.0753773630220049
6040,0.05242236998943692
7259,0.9999964647365854
8974,0.9999963203211382
7439,0.0041440050444495335
1045,0.0013437275754346193
7706,0.9999997881679437
9724,0.6624510010563055
3698,0.9955815439569523
7339,0.9999971668442267
1749,0.10379958067827408
7257,0.1121169850483461
2963,0.9999977344232871
7775,0.9699149031691633
10501,0.0005111501905413299
4258,0.9999974801231755
7908,0.9999968331560418
722,0.0012171669778454448
6519,0.9999999999964427
6916,0.999998406087086
4456,0.9999951269882642
2731,0.8577122107074431
917,0.9999983400954998
4107,0.0019005813864517657
7894,0.7951459838392073
2540,0.10910198718663158
8455,0.9999981134528416
10406,0.9999973284960446
8909,0.09086489577981363
5489,0.003364288844044547
306,0.9974791105614058
3894,0.12949809893664238
2735,0.04586456630983876
4939,0.03787384430588113
1551,0.9999995768905386
777,0.9999998765211996
2160,0.9999971041748213
8599,0.999998303766061
2727,0.11054308973867656
6362,9.495015653525121e-05
1417,0.9999980117735752
10343,0.13847335690375606
4866,0.9999980786910192
2682,2.846533391233391e-05
9856,0.00073998579568951
4498,0.13151144510256596
7450,0.11611230912725984
6899,0.027774089981429495
5649,0.9999992369516356
6086,0.4836268758511791
1618,0.04347861311856437
9926,0.0029639072434609
2847,0.39719963262827546
8099,0.12949809893664238
5724,0.0027234455882063384
3358,0.0021736049787201873
8136,0.9218913958869763
955,0.19733927395883913
8819,0.372032444389939
5832,0.9934681151582394
10413,0.9999970573066573
6548,0.12568929979949772
8407,0.9999999999751097
10090,0.03555153706344093
8564,0.12949809893664238
808,0.9999979694454746
5303,0.11645060096456022
8913,0.9999996485102982
9425,0.9999944398560017
9543,0.9999970754353369
1219,0.9999972131897921
9575,0.779061596443105
4019,0.9999979310382265
6223,0.9999979589846735
9588,0.11077334039721154
4739,0.99999999980367
10492,0.9999975058069156
2017,0.9999999876605564
5524,0.999997958154847
7449,0.9999972918513458
5734,0.0011987901744353064
5456,0.002403405574895337
797,0.9999999888841887
5525,0.9999999305419776
8265,0.11695770892231944
1981,0.9999970828495014
8977,0.9999994826644042
6241,0.9999971724337886
6021,0.12949809893664238
7720,0.12949809893664238
8632,0.539112191308093
6705,0.00011538363878806577
2476,0.9999999825313122
3510,0.12038893741563358
8887,0.4693423478231698
10115,0.07508241099373376
9061,0.0009204807662875496
5570,0.0013523639039870914
2763,0.8113784485156389
1437,0.9953097220224314
3448,0.14479684527840844
3529,0.06745304661382807
3156,0.2116870953391719
4604,0.9999976101541143
6776,0.9999999902875655
10227,0.015440341694319931
1545,0.05281210198333568
10487,0.06372010437665487
993,0.3122814833705337
1161,0.9999976647752242
7975,0.9356009495791684
1591,0.012542151742290088
7804,0.9999972492024743
5048,0.10121058613826324
10454,0.9999976745638401
3567,0.09299013075193795
5886,0.12949809893664238
9937,0.00017685017816930363
3931,0.9999983416237732
9706,0.9999954110132412
10193,0.12949809893664238
5569,0.9999979849672918
9747,3.3575105060804785e-05
2217,0.9999967134158617
5936,0.002654827571024613
3885,0.9999999437386278
1086,0.012924396569534704
1799,0.9999845853602278
9763,0.9999999997182661
3299,0.06248273426356754
8268,0.9999979300382444
473,0.12477027501878521
337,0.9999971188984268
9381,0.9999927786930596
6426,2.6092760593722072e-05
1210,0.9999997996571518
4986,0.12949809893664238
8285,9.094086284765443e-05
2024,0.0001870188964945343
245,0.9999973447764318
4807,0.999999826309173
2208,0.9999979141939442
9835,0.007218298230719804
8963,0.9999999997606686
9946,0.9999999977938713
5230,0.05739369497308392
2788,0.017272303430606442
674,0.9999975520665203
1629,0.9745401053523252
2300,6.442782688797e-05
169,0.0021655357681198218
3575,0.9999988361152212
6910,0.12949809893664238
1479,0.9971360136193673
10498,0.525164637086444
8062,0.9999981529814657
9672,0.9618251932597398
9467,0.0035613509150336565
6763,0.08921744331105907
8508,0.004347926781654419
1034,0.5419929964231883
3756,0.02696625172692507
9263,0.372032444389939
8141,0.9999999997634432
532,0.9999964580888714
7022,0.06748767859211913
4024,0.021129049393105906
3298,0.016088421859047825
5641,0.409497240035569
10455,0.00019719932605709214
5206,0.9999977340198141
7005,0.11963298749288293
8971,0.013242371869617409
8358,0.9999981132752352
257,0.11232430259352282
78,0.9999982163301666
6333,0.9999999989629951
7969,0.11338253320284744
2505,0.5742775747607437
2004,0.9999981703263784
3748,4.85986985666464e-05
5668,0.12949809893664238
365,0.10882443657569527
9651,0.12949809893664238
2324,0.0024131649340210803
3902,0.06225257418800805
9294,0.11550522995921819
5377,5.324303549666049e-05
2817,0.9999960391598166
7670,0.10308263248973619
4755,0.9999987712133713
255,0.9999977816574139
2714,0.12949809893664238
2922,0.0022294660025153476
5517,0.9999827234088384
5157,0.9999999922233929
64,0.20399723440228681
5300,0.00012121739502424902
451,0.0031570799179417284
3941,0.999999703044448
326,0.12949809893664238
3757,0.7617518278677289
8798,0.009371155737189708
2315,0.9999960832492435
6755,0.9999966935533907
2916,0.008051404354044897
7406,3.085704521958213e-05
3703,0.9999979526106066
5403,0.36800082807116674
622,0.8063103294670111
9,0.11549782257475535
5848,0.0076501362860902445
8670,0.004575617839517653
1156,0.0047095166452190635
10179,0.12066487242599272
2028,0.9999970824503761
3924,0.7879114387685081
620,0.14086688422116517
1963,0.9999998655233598
4537,0.12949809893664238
8970,0.001772642848452938
3024,0.9999949009854422
6140,0.9999986062710098
1866,0.11355094604894399
4442,0.9999978853729568
2312,0.08417197833396929
6749,0.9999993373689284
459,0.9225799162797682
1516,0.7906448269737127
8817,0.9595554493438191
4912,0.11136495866616156
2076,0.22419025962553715
10023,0.9999986404054116
7684,0.08829195586605192
3531,0.0010234087706483851
6209,0.2365059984505772
10508,0.9999970761609509
8678,0.08594060288468107
3541,0.12949809893664238
1208,0.9999995186439973
4090,0.12949809893664238
1097,0.0016827970901731803
5099,0.9999991017523939
2816,0.9185465592516407
4291,0.12949809893664238
1409,0.9999846357470864
6401,0.9999946494599598
4617,0.9999986285414693
6111,0.0009854658538506575
6172,0.9999971241501907
10357,0.03945677802165917
8465,0.9999968119497156
3867,0.10975006240584777
9495,0.9999983672289019
4348,0.01884907718938978
7879,0.9999999994979968
9273,0.99999998188768
3252,4.641523216139023e-05
9167,0.12949809893664238
2573,0.00479236241912674
7395,0.9999981216195637
9046,0.08267434147064577
1526,0.9359515202333963
9339,0.10513034688581685
10301,0.9999991791022614
7588,0.684689028639594
1104,0.004182336967028131
1310,0.07062742948366331
6631,0.007926174042245443
10475,0.06496954009772128
9090,0.14904559976927406
1528,0.010203755965935162
1657,0.9999969905374904
1175,0.11552746842280298
1895,0.0911180888259935
3864,0.00010757262238573051
4700,0.000734967358616919
3572,0.9999999992681459
10507,0.03398003763402136
269,0.9999999993000704
5744,0.9974788563271125
1687,0.0019520211855455598
3020,0.999999999991629
4974,0.9999983849856521
5119,0.12949809893664238
1916,0.9999997839312893
6687,0.9999969105694646
2197,0.033488444432514995
8641,0.11727075638781269
10073,0.9999978230585084
1967,0.11759803759691949
4999,0.11892129867772869
9816,0.05445242237863035
734,0.9999981285996415
9665,0.12949809893664238
5092,0.9999970718985403
2591,0.9799988026419939
9877,0.9999998435225983
4601,0.9999975386668735
7734,0.12949809893664238
7185,0.9999984382987267
6405,0.03228156738119144
7003,0.046916356885510685
928,0.11575372210521949
6490,0.1680549912264837
1586,0.11207472911989527
10139,0.9999979352909446
1192,0.06633831412199186
10526,0.09390121638118004
5544,0.9999993568041888
8779,0.050922177366293765
4497,1.4045842724335309e-05
3059,0.9999980112571496
2181,0.9999997915430857
2303,0.09346997909415082
1190,0.004096088051493785
1468,0.10839452370950223
8771,0.9999999988564061
8997,0.9999991851547153
6365,0.999998100913014
10355,0.005344079713279011
3478,0.11500829783171898
3764,0.0007454904294350084
3542,0.0006673588870797835
4941,0.3122796391622095
1840,0.9999985400175888
463,0.05663081285814873
7407,0.9630241176070639
7711,0.989648282521989
6044,0.010783531354310651
3750,0.9999970274120891
10114,0.001224451112869534
1332,0.9999996605900859
425,0.9934926372040005
3479,0.9967922115164015
1979,0.9201779599889622
2994,0.9999978568298399
207,1.1533879977908305e-05
5820,0.9999978447544955
9187,0.9999999999426195
5423,0.9999981554196653
2743,0.08058374081070029
2902,0.9999976345136028
9126,0.999997780269167
7903,0.051956864341996006
4100,0.9969100904779413
3578,0.00014343705552819522
6061,8.948420921056227e-05
5081,0.34822643295003475
4575,0.12949809893664238
6695,0.9999999948012046
5960,0.13050124078066708
10186,0.9999999999978295
6795,0.12949809893664238
10022,0.09846150980301072
5841,0.9999981188929948
7481,0.0033385643468129933
9331,0.12949809893664238
400,0.999997896423301
6907,0.12949809893664238
10393,0.9999980940802644
3709,0.999999733202528
4726,0.9999979416680203
3007,0.10585534085890884
4723,0.0028715982952185856
597,0.9999957789545693
1810,0.9999999997007499
4131,0.03065751838488637
4697,0.9999999554090451
8838,0.9683039710810631
5956,0.11510178873234118
4196,0.9999999932151126
63,0.9999980888966004
1714,0.11524782342115669
904,0.9999999997431882
9715,0.9999987787177241
4,0.12949809893664238
5462,0.9999993466403608
259,0.0751256656815495
5418,0.05424326819101082
6849,0.005375876418163505
9893,0.9999999996294416
10003,0.9999980599464501
4976,0.999999852154038
7611,0.9999976806870993
900,0.11389023214816497
3746,0.12949809893664238
3893,0.07342061547260806
2966,0.11792061926389885
9667,0.9999998264336845
9734,0.0034140272823420964
8123,0.07024381390221532
8470,0.9999968729426105
4058,0.00013744349718413385
4623,0.9855293397567585
3782,0.12103377994712458
7966,0.12949809893664238
6003,0.017245445867800902
2168,0.12949809893664238
422,0.008959264748292308
6381,0.00045841106043994454
1136,0.005773064608002868
3443,0.9618907238737018
2214,0.999999009779988
9973,0.9999969414719723
1593,0.12949809893664238
5474,0.0901520578658293
812,0.999997642045447
4703,0.0008085994299425566
4294,0.9999976446007788
10021,0.08308472898929067
395,0.008727020081443994
3237,0.9999985213323167
9099,0.0342927443381479
2401,0.0779716833002108
10371,0.9999999987867713
3420,0.9999980938339385
3460,0.9999992214245709
9088,0.12949809893664238
5995,0.9999980514759678
3084,0.9999981598359594
3595,0.0006905702863857741
9524,0.09142041290139775
167,0.02403282710812986
9743,0.9999980934449753
6109,0.000397719471148542
433,0.0015210067914118708
6292,0.07404185531706695
8125,0.0017098764197029097
4035,0.9999999014660175
2929,0.9999999283917324
8810,0.9999929447228092
4403,0.11304644329248759
3925,0.9999981355136345
1290,0.9999999989218648
3689,0.9999993340199422
6709,0.12351218442175262
8021,0.9999999103254459
6237,0.9999979952136826
1453,0.003951829841078845
7340,0.08077421153203644
6078,0.999999993788129
2369,0.10835702375722846
1781,0.0020658285593751777
3830,0.9999972642068761
7625,0.9999872958806126
8150,0.09314272907510887
1680,0.061617368697594106
7077,0.08375080599700606
3360,0.996255164818991
7927,0.9999975706052969
244,0.9047199596255556
8107,0.004741891587147113
820,0.999998454196385
5915,0.9999976517857655
924,0.999999939497581
9207,5.237748177377176e-06
4077,0.9999998207970549
6052,0.12949809893664238
508,0.9999987270348537
8105,0.12949809893664238
4405,0.0027352405875375354
7558,0.6062094500167059
6094,0.9999997471295021
484,0.9999998866265463
8927,0.05650466881642538
310,0.12949809893664238
8075,0.12949809893664238
1094,0.06844651534197282
3211,0.9764978181730192
1700,0.9999980273563439
4816,0.10282430937760383
9354,0.9999999847058008
8845,0.9999999995787284
7530,0.9999988880652492
1520,0.23448501624779516
1087,0.999997645941867
5786,0.9999975066142986
6847,0.9999998153982271
999,0.9999999999325535
5308,0.9999999998842567
6569,0.9999985131494622
10200,0.056241516577283636
5868,0.999998233040362
1757,0.000281294064535388
4625,0.9999996055108907
2955,0.9999977034538141
6187,0.9999978802041491
9931,0.9999999286663823
4883,0.0003121710942171317
2488,0.9999974077940416
156,0.9999981164557356
2820,0.12949809893664238
1311,0.12949809893664238
1517,0.9999999995682128
3640,0.05349004960604682
5763,0.13265721056106433
6689,0.9999999893437934
1193,0.12949809893664238
8217,0.999999983382792
10327,0.9999979649346661
5042,0.9999999999569023
6903,0.07977852232151382
2068,0.9999981598426332
7614,0.0027140531865308673
8842,0.09807467316646103
2445,0.000858884673051555
10276,0.9872936804631272
4931,0.00018303700237773415
6842,0.9999999709502541
5927,0.005344079713279011
6207,3.474774588984582e-05
4539,0.017467234340181693
8721,0.0003361964374970577
3618,0.015336501271654738
2580,0.11205937157189483
5321,0.999999298205878
3181,0.0007707639047817812
4742,0.13845983408452303
3340,0.005609040211779271
8310,0.9999992040279867
3948,0.12949809893664238
2126,0.9999980510901674
10436,0.09482301073993353
9635,0.9999918356472525
9022,0.20674223255444826
8576,0.12108236588220953
2522,0.9999999999991414
7341,0.9895942752571034
7377,0.9999987726282379
7636,0.999999999970824
2536,0.9999981668537885
2706,0.9999987740525443
4814,0.9999999992419216
6032,0.17652568208147118
2630,0.5072393930645206
1857,0.12949809893664238
5412,0.9999940221150315
1957,0.11589663366573796
9805,0.12949809893664238
9256,7.285631171340024e-05
1055,0.04636574808519227
8439,0.9534945179496592
317,0.009960790274627842
6126,0.053638518577249106
9970,0.9999998840100865
6008,0.004103943449448705
2811,0.040857200238223944
10214,0.005280789154494499
10337,0.9732463202251128
6563,0.23854640322113463
5611,0.9999985364853016
6358,0.0017977690925570387
8446,0.0002857423046398552
974,0.9999999997303953
4839,0.004892165703510226
4806,0.9999995853883518
4597,0.03621563807987857
4649,0.0007636988151990265
7744,0.9999972840756056
5826,0.9999999983012191
6118,0.05357335711228045
6785,0.0003338927005180505
301,0.9973661061054635
3192,0.9999971093808804
9854,0.9999996340460198
9227,0.9999980041632675
4768,0.06852730600768597
2961,0.046219339603505646
4564,0.1111772728120547
2484,0.09328122405745258
1606,0.13753365539407547
2864,0.11366392066228515
2884,0.007386133733397971
2753,0.11348274731382653
4366,0.9999969683996911
2470,0.9872519926549248
6369,0.9919917941068888
2754,0.11653266513452684
2501,0.11990291224373112
8890,0.0791849330138364
2093,0.9999981602132088
4937,0.12949809893664238
2850,0.0046270776151685015
3706,0.11294692446468599
6645,0.9999980129953688
5799,0.9999995814828062
4229,0.9951684975545605
4900,0.9447857353696125
7883,0.06993082886227255
4629,0.999997069245349
6459,0.9999996335655364
10381,0.9999975683612206
220,0.9912165279557276
761,0.08813895717565337
4264,0.9999975272166403
6633,0.9953292417945876
1424,0.9999975691463077
7017,0.00021882826528630688
6901,0.008370583733336134
7126,0.06772931395559588
881,0.9999999998830397
6382,0.9956048015528001
7502,0.23324609897305082
1911,0.9871812023013424
3076,0.06202838029042513
9281,0.0006025885416285648
1534,0.9999999854910249
8378,0.0029475924279081813
4717,0.9999980012432196
7012,0.9999979388720912
9028,0.9999985536268132
5407,0.9999999166949426
274,0.23664992192099127
9465,0.000978591742239407
5164,0.004465797264825253
937,0.9470936894060007
5264,0.9999976043127385
8051,0.017743838967762472
10304,0.9999999997347709
2403,0.02560974990946316
1697,0.9999999036299241
8142,0.008555007111243542
3734,0.03922724630956631
8487,0.9999999997718532
5123,0.9999981948199835
8726,0.11413103874364544
2336,0.9999996128320254
7376,0.06227319835777398
2793,0.008347489218824588
1998,0.0016602092882853057
319,0.9999979456537589
6783,0.004244480274521485
6911,0.9999989808721264
3078,0.999998611517796
3310,0.9999984354237976
4790,0.9999977103469119
2712,0.9999997167088148
2968,0.9999993153855354
7777,0.9999999968687933
10442,0.00010426047243005362
1654,0.9974126526561746
10438,0.00021977372781046325
4509,0.648614803590192
3963,0.06052924443170169
5043,0.9626153599648687
5421,0.999997278013474
6465,0.5628023779453809
8034,0.9999967247243146
806,0.9999999956825596
1090,0.12949809893664238
1566,0.9999988281501467
10187,0.12949809893664238
2634,0.9999969657997133
569,0.9999980595198334
135,0.051185752443813015
3732,0.9999989298716634
6247,0.9999970530403981
10466,0.0003090553988407904
8429,0.9527035285605814
6725,0.34114796125092006
6128,0.017773163277880127
8496,0.5
2433,0.99999960267748
5552,0.9999973618295164
7122,0.12949809893664238
376,0.0738834291452889
796,0.12949809893664238
6121,0.9999993116751968
8960,0.5646629018838139
5686,0.1545773987195454
2213,0.9999999950712058
6602,0.9918540372929974
3357,0.9999985154452773
1997,0.0005239280063368991
691,0.00020948910815969302
4370,0.9841349840791439
9660,0.999997345291458
7189,0.128223692061804
6660,0.0014749986378680678
2074,0.9866542009436443
5375,0.9999980731053254
1816,0.1189436142537296
9802,0.999998811516391
7654,0.9999956936696335
3784,0.9999994905557215
9604,0.9999980965314831
6397,0.9999979456121226
7125,0.9999981607253337
1460,0.9999999576419198
5718,0.9931842710865662
5452,0.9999982390828841
7064,0.9999934733922816
8272,0.3184825301931737
3620,0.9999976021471777
2772,0.01088175617534916
5150,0.12949809893664238
125,0.061652792068221204
1005,0.06374822287532385
616,0.8734916691204943
9056,0.07165887045566036
3972,0.9045993186732849
746,0.1394884299049176
10286,0.999996985489794
723,0.9999999118127912
1283,0.9999999999856094
8009,0.9999998196142807
8509,0.014092178354918824
8220,0.8857315201203547
7393,0.9940804122402596
8499,0.9999974051851211
3789,0.12949809893664238
9658,0.9999999868383447
8171,0.12949809893664238
1985,0.372032444389939
733,0.0006707265249573575
6706,0.12949809893664238
6282,0.0019541033847178977
7243,0.12657600108163372
3995,0.9999985576770885
4375,0.9999999966985542
1647,0.9999997190725575
9306,0.9999976980597974
9272,5.020458397537612e-05
9464,5.270955477126178e-05
5340,0.1995816182434922
5475,0.9999968092155458
4911,0.9999986298088135
9315,0.009901958998830855
811,0.0005618074506470918
6395,0.12949809893664238
3229,0.06497803216596623
2250,0.999997549884078
8433,0.9999998854891673
10428,0.8965641013538063
10461,0.9999999999940212
8408,0.9999986138898066
3945,0.9999999606112098
863,0.9999977798362258
4683,0.12949809893664238
1162,0.9999969896886151
9132,0.12949809893664238
1076,0.08303597488686594
7236,0.12949809893664238
3218,0.014155427669485205
6866,0.00011837129211720087
4997,0.06884354608414671
9121,0.0017132169596559175
8696,0.12949809893664238
3313,0.12949809893664238
1421,0.12949809893664238
80,0.005312612138799382
8163,0.12949809893664238
4583,0.9999980469275032
4053,0.07269941937906112
8693,0.08432409830897108
4139,0.079092246124389
6976,0.9999999893751729
3549,0.9999978305880732
5534,0.08518830479381116
1638,0.999999676015988
6375,0.9999994263750859
1008,0.05377382177305972
9120,0.999999470514423
8071,0.0007879050874172054
3266,0.9999971970290359
10482,0.999996425049463
5288,0.12949809893664238
6302,0.12949809893664238
2183,0.3674718449059916
9199,0.014008298040360159
5441,0.11068477247975851
4418,0.9999999960543506
7287,0.9999999418863255
1532,0.9999999751272715
2978,0.0007336396706473535
1230,0.08915015834561899
6423,0.9999977838711795
9643,0.16972345376063844
5142,0.0010149430474050661
9368,0.9999999967614828
6132,0.999999999713689
9031,0.9999972839865199
4767,0.9999969377403652
844,0.12949809893664238
10296,0.17046515367842696
9045,0.051333586471936525
10469,0.12949809893664238
9223,0.12949809893664238
9340,0.08182170205898369
1226,0.0832873978800444
686,0.0041575240236781255
4037,0.9999921279705694
7620,0.12949809893664238
9322,0.9999998406819571
2943,5.017214013613253e-05
6549,0.9950254312293394
8124,0.999999222682194
1803,0.30889622982506315
8025,0.08056739915135176
368,0.11740581475831183
3660,0.07433978764752222
4943,0.05340420777929974
9143,0.009208339469542956
958,0.41163872541849317
4272,0.12949809893664238
200,0.0007540417750824649
7314,0.9999979377709302
7827,0.07979851174560787
252,0.12949809893664238
2242,0.9999980663654745
2804,0.0483109534885388
8802,0.0007127737990570279
7645,0.9999979338381344
7228,0.9999979188810756
9200,0.10126186203932845
4738,0.9999974663175952
4513,0.9999977963115375
7999,0.060134879129070694
3938,0.060431432583053564
8127,0.9999970863072426
9265,0.12949809893664238
7353,0.9999848840045183
4772,0.24578215003474602
4461,0.12949809893664238
1335,0.12949809893664238
9018,0.999997914890188
10460,0.9999960377792351
7956,0.04040784833821652
1238,0.3876679369186534
2552,0.9999980847823494
6517,0.9999983663326413
5925,0.99999816292853
7413,0.05681256478638578
3728,0.021208427183427168
1103,0.9999987384864203
3704,0.9999999893084892
8413,0.9999968326973426
4533,0.02408355225184904
5449,0.9999974032721447
7306,0.808833254872136
1401,0.9999977063574735
7365,0.00033034351218925637
8363,0.0004187975530320047
3656,0.9999998631495
5683,0.9999999441584094
1940,0.0009813022378896837
8674,0.030329776397309393
6745,0.11267248965667365
4431,0.9999978578650867
2263,0.9999974567445771
7506,0.9999999993464808
4059,0.9999976842848982
4588,0.12949809893664238
8692,0.9999971438932564
7258,0.9999993313388819
5448,0.9999979116525153
8865,0.12949809893664238
1119,0.11525334321777353
7642,0.9999991437141285
9981,0.9999847229366196
181,0.9999980841840335
7528,0.9999999984718554
9086,0.9999998102061852
4963,0.0005373614122839876
5292,0.037685411676626826
1254,0.12949809893664238
2125,0.9999981354869512
5601,0.9767495384988806
2758,0.9999980499333314
1922,0.02770163452725906
5440,0.999999989634386
3001,0.007809872690640686
4011,0.12949809893664238
8604,0.33502318285279586
2779,0.001032730193238362
1568,0.12949809893664238
10123,0.9999999954052066
9053,0.9999965030998546
8028,0.9999997424557523
82,0.9409786289780001
2845,0.9999993264857683
10221,0.9999997028846624
8598,0.9999999580216651
5011,0.9999979242361584
7401,0.0006116029462047277
8687,0.9999999986006438
8767,0.9999979249718389
10046,0.18083496157243664
1920,1.7785001091901546e-05
4364,0.9999978683698082
9395,0.999999993145213
3602,0.12949809893664238
9038,0.0005905360866315886
7786,0.10630994453765744
5106,0.9999982538302601
9337,0.08715464650972059
1575,0.11486169421515598
10291,0.12949809893664238
2965,0.9999975333157782
1478,0.012581224443368089
3625,0.7368160182259439
7329,0.9999978503432563
4116,6.192466732394543e-06
9136,3.620221629293536e-05
6870,0.9999967994046212
4073,0.9999994964829907
7863,0.0030945015768729105
7437,3.0006799652537394e-05
278,0.9999969056939036
1977,0.12949809893664238
8570,0.9999993084736308
6800,0.0001691241264864093
8964,0.1274272966397654
7534,0.9999979093224493
6539,0.9999984829257913
645,0.12949809893664238
8223,0.12949809893664238
610,0.9933298827051454
1512,0.9999990416890293
8340,0.9999997719941865
4524,0.00047156667929204333
7465,0.12949809893664238
6313,0.12949809893664238
1873,5.7031612016008114e-05
1015,0.9999999991066794
444,0.21852352538580722
4967,0.9999999992179447
8988,0.9999981097310897
3199,0.999999983163156
8020,0.9999963361343679
6103,0.9999999831759753
362,0.016644679715061148
7325,0.9950408397107644
5730,0.011763196915935142
10448,0.9999973782634138
1452,0.9912260683023056
6669,0.9999977098906982
7892,0.12949809893664238
7859,0.9999972786079961
5866,0.9999972411774769
2970,0.0003748737479725589
9609,0.12949809893664238
893,0.9999999968295392
4176,0.9999976927021685
4280,0.008703745791492362
3970,0.016128134357513917
4516,0.011745176382603988
7503,0.12949809893664238
7955,0.9999970341306472
9852,0.9999994786148498
8380,0.9999976930510484
9284,0.9999963891820516
10386,0.0741139006817462
4004,3.8739435349642054e-05
5328,0.9999999330234118
9274,0.9999979945561064
4646,0.12949809893664238
396,0.9999981119965856
5513,0.9999999999972408
4117,0.015139896726009159
3751,0.3037988325945505
9767,0.12949809893664238
1071,0.9999993862711557
7812,0.9999981847919157
5059,0.11221599076261247
2667,0.999999991621611
9304,0.06539292647450946
10385,0.00022185798016715632
7930,0.22997445964957455
5225,0.0011382227780455973
9839,0.12824991569059466
2831,0.9999999997261629
2387,0.11554543011080502
3433,0.02641002751119241
5101,0.9999999863343014
6357,0.9999999991972183
5476,0.9999926316727451
3807,0.9999975383680219
10232,0.9802379688500449
1508,0.1448711479667356
6993,0.9999998589569249
5505,0.0002457886281839455
6009,0.39677813985438326
5301,0.9999996203176283
6766,0.4597143323404499
2248,0.999999991966987
8572,0.12949809893664238
852,0.12949809893664238
7871,0.999997884146493
6926,0.12949809893664238
10220,0.999997421069303
9007,0.9999969285505337
6990,0.999996647156825
2012,0.00771358098737314
5645,0.04704431326768272
9091,0.9999976973895737
3797,0.034156029994274
7201,0.10347050605194094
672,0.9999956125656346
1257,0.9999974158124795
2010,6.44751892951305e-05
8222,0.9999981639861417
9636,0.0027759484088135675
2746,0.9999999766086898
2919,0.9999975964901424
5231,0.12949809893664238
5625,0.0033990787151757453
10254,0.0008956530518435215
2651,0.9999999998503984
1740,0.9999974767246479
3212,0.9999999973330282
10502,7.194504734003447e-05
7139,0.9999898554437949
7210,0.12949809893664238
10049,0.9999999856750437
1621,0.37995277006260497
2301,0.060158010630091976
5798,0.9999977670690791
3812,0.9999992798249805
6190,0.9999846998209135
5503,0.022034597379724845
9972,0.004587311288111968
5646,0.9761991629277991
2003,0.9999973168780308
1069,0.43510176174869747
9656,0.9999999996440331
279,0.9999966562141428
4328,0.9999994071537034
7105,0.9999999999860006
1643,0.0843919184786534
3108,0.011208782555500141
3106,0.14687112454159595
1626,0.009191626951808574
9838,0.004916276132574505
6994,0.003375631702855404
3463,0.1176786466924037
781,0.02530465126992135
4337,0.11196145738860815
1639,0.11620625420195145
416,0.12949809893664238
7687,0.00956916057380101
9610,0.038998848694448744
2519,0.9999966187984823
10210,0.12949809893664238
8633,0.9999972384912903
1276,0.9999971159347429
4764,0.9999955494627221
7674,0.999997609820852
6550,0.9999970132933222
3853,0.0014613855083249493
341,0.08264572869448115
6258,0.018872338777160776
1884,0.9999999091988001
2855,0.1320708443842013
2196,0.12949809893664238
5326,0.9999992864414196
6380,0.0030037670055493297
5580,0.0007604224444950054
4563,0.22006972954692228
10414,0.9999944395717852
3226,0.9999981180260342
3175,0.9631833450952999
9457,0.12949809893664238
1705,0.0006319250896094098
5910,0.115107215606663
375,0.12949809893664238
10333,0.14136257168693156
3852,0.9999997450686042
1971,0.12788177545688909
8720,0.9999969821622471
1860,0.9061091015386762
10349,0.9999978509614708
4605,0.9999999906479582
7358,0.9999981730774745
8258,0.12949809893664238
5678,3.119706194965922e-05
694,0.9999980695309197
8482,0.9836581236889442
1924,0.0006623189383315374
3716,0.9935579038831307
3282,0.6759671618233668
5746,0.3154817063621038
1518,0.08088637691610706
8741,0.11778043944808854
7630,0.9999944326631189
8276,0.11962108270016134
6939,0.9999999946152249
1435,0.9999999904815041
8157,1.8895633760413203e-05
1041,0.12949809893664238
4478,0.999999961638366
8307,0.12062140417891383
2094,0.9999979351041262
5916,0.021548782837359993
9848,0.999999407658503
4803,0.9999999412190983
2147,0.06947391937908025
295,0.9999974175494366
861,0.024273721938548654
3822,0.02264983968035764
5609,0.999997342778052
9450,0.12949809893664238
4122,0.12306018769060262
10558,0.009446685770588464
4285,0.005344079713279011
6184,0.9999987173721652
7295,0.005344079713279011
1926,0.9999968766586125
5026,0.11653828396250636
7952,0.9999987101755081
4194,0.12331383702850877
639,0.9999998194676073
2130,0.04007861076986474
3119,0.08019671710106518
3251,0.024758553667683623
5803,0.10010900728253054
9553,0.18476772154116275
5937,0.9999975108474475
2133,0.12949809893664238
693,0.055690666985879496
5944,0.999999999810529
2227,7.340026688276397e-06
9915,0.10808655822717603
4044,0.9999952827706018
6033,0.12336318927168903
3270,0.9999982395374919
7050,0.13625865678515056
6185,0.08438796051064767
7984,0.056782318591282605
2109,0.9999980616691895
2244,0.12949809893664238
2481,0.1041369767407913
4332,0.9999968295122453
6016,0.372032444389939
10162,0.9999975779654906
2453,0.0015574690580409476
6228,0.0030123822606278224
6166,0.12949809893664238
1411,0.999998156557514
254,0.12949809893664238
7479,0.9870879896797821
1476,0.3577689489227065
7801,0.9999999928203064
4988,0.0033740344664789394
4694,0.9999911585017734
10194,0.08205058994223842
2574,0.9999977655913372
8334,7.821993634606347e-05
419,0.0011830488729145045
8643,0.9999990329241352
2548,0.04611477492662607
4615,0.9999980072478444
8772,0.05284655845250197
10463,0.9999991377415612
6756,0.12949809893664238
1503,0.9999980902997173
4095,0.11448592997782467
1723,0.9999979108298583
8829,0.009807056537090507
10085,0.9790827506692467
4796,0.2728079856550813
9756,0.11096114700245575
2158,0.03859549079115883
7273,0.004124216485086098
3056,0.020997562601684207
656,0.9999999985671103
3074,0.1028221474033963
4661,0.047481623856522194
3958,0.99999794594534
4311,0.0008242689349594753
8375,0.9999968955441988
7442,0.12949809893664238
3839,0.12949809893664238
6179,0.021208427183427168
3786,0.985829892432299
8520,0.9999975114739754
3664,0.08653862814669999
2014,0.9946470492955963
8298,0.0006863849020014446
4220,0.005344079713279011
10127,0.9999971558172578
6182,0.9999999998706043
3206,0.999997695069373
8503,0.9999973028746232
5682,0.12110716992759148
5699,0.10529620939559427
6215,0.9310968141411008
1394,0.11984523232876143
9582,0.00014585975482521741
10070,0.9999978577338973
4940,0.9999987413478325
4193,0.028964666643211043
3400,0.9999945397011012
4785,0.062248863565560815
7460,0.9999936531077195
5838,5.9667132327640676e-05
2503,0.12949809893664238
2730,0.9999975066176946
7156,0.06766053324272096
5511,0.9999977308467075
438,0.9999998797087776
2233,0.999997184987232
2016,0.14549902012858346
139,0.9999828228489576
384,0.12949809893664238
2313,0.12949809893664238
5145,0.999998539552317
7864,0.12949809893664238
1195,0.9999999320384902
5365,0.08733671052056445
6977,0.12949809893664238
10001,0.11112784626836499
567,0.004575617839517653
9950,0.00026913257913348514
157,0.12091901184088068
6553,0.999999112573658
7337,0.07346413010188799
349,0.00043174248650452415
4874,0.12949809893664238
10313,0.9999991430117354
8421,0.12949809893664238
9469,0.014008298040360159
9314,0.9999999159257545
3663,0.038704622172380854
7216,0.13184110753365294
8871,0.12949809893664238
5743,0.06447140357658628
2072,0.9999999976088674
2654,0.05770606415259674
5908,0.0003136271627230801
9863,0.11719920965905557
457,0.05292087307581714
6965,0.06927399863450322
3030,0.06444163284970217
7765,0.03712029077077484
748,0.020000826416070802
6304,0.0774301909611225
9606,0.013342462454364165
10351,0.0896569585325956
406,0.9999999778473629
8120,0.09559218110543376
8486,0.9999991264807975
6998,0.9999975010947403
77,0.99999808527771
841,0.04244185212014411
7709,0.12039494683941106
7404,0.9999971981943435
5606,0.9999999996331485
965,0.9999999118249555
3163,0.008060581834974295
10192,0.0001488658531298505
6163,0.07649517565368097
9865,0.0019944942273724185
9518,0.008550763238850479
1267,0.11617752544812168
2051,0.999997069142702
2046,0.0486984770239608
1464,0.9999993386263363
2153,0.027817201603736862
6612,0.9502647467726786
4971,0.6714417901226339
866,0.05092992583504709
4124,0.10939300116427224
5086,0.9999999503695182
4351,0.0013883710137853873
8101,0.11800661411706512
7912,0.9999999999734936
2504,0.9999984838137513
2837,0.09713084436504049
2034,0.9999998658750958
4844,0.999999992953699
7780,0.0773304644577852
5901,0.015221621376893361
3296,0.2125603506809139
7299,0.9999977211809723
8574,0.000264317307496394
7472,0.999999985456489
2276,0.00015589278429054522
5980,0.04747668909530592
3184,0.002559702227582452
4359,6.147635143393568e-05
1064,0.9999999954663684
9039,0.12123228516147942
6376,0.005654893832036921
1706,0.12949809893664238
7970,0.11842242236895076
3540,0.38185174171445607
1407,0.12949809893664238
4561,2.1032963276038424e-05
6691,0.9999966903993952
7172,0.00012566213614255292
1923,0.12949809893664238
4407,0.9999977789321698
6777,0.10576862478906587
2600,0.10610825630986953
1936,0.12044319581815968
9778,0.1173842292916985
2766,0.047537584683583316
6668,0.999999276847887
9013,0.06966288971469757
4319,0.0824798096817792
3263,0.9999999129358691
1612,0.9999995290690176
5132,0.09127980451101583
216,0.9999976686148172
7232,0.12949809893664238
9373,0.008597023450269602
5030,0.9999993811493264
10107,0.12949809893664238
8309,0.999998329965344
8449,0.9999990208359315
6961,0.12373195017531843
4954,0.5
7344,0.9999999926034744
8146,0.9999970576759529
1132,0.1556193476663614
6145,0.999999514148399
1353,0.9999971724999819
3624,0.9999994525262208
5058,0.9999982385522459
9789,0.372032444389939
7290,2.274413892933768e-05
8583,0.372032444389939
1088,0.9999992628488166
9210,0.001244564751729221
8240,0.9999999999881846
3326,0.11209600291932734
6315,0.9999971995237039
8410,0.9999999967558351
4535,0.10726368791763335
5991,0.035063207502202
1874,0.9999999391905906
1898,0.10884197202530345
3557,0.9999969035777011
8587,0.9999971657589233
4190,0.014008298040360159
7261,0.9999946277919021
6854,5.6153024307367225e-05
9375,0.12949809893664238
6317,0.9999988376569902
7713,0.9999998769582452
7058,0.9971812137028798
7628,0.0006899207150909898
3513,0.009119726044916917
7953,0.9999975823159757
3445,0.009591443858592426
8461,0.9963469694929379
2834,9.656639299502438e-05
3414,0.12949809893664238
9262,0.9999992447898419
9235,0.04130109788638184
3146,0.04007272318331267
3379,0.1075517705962095
1701,2.137978116168178e-05
5527,0.03408420241150337
8031,0.008470651401959918
4032,0.7206456271488048
9782,0.9999961307135672
7656,0.9999999995053555
2985,0.9999980204011337
9334,0.9999985041240324
3343,0.12949809893664238
4760,0.9999998107613965
10311,0.9999982842424908
2609,0.9999978979247628
5117,0.0025536299979764163
6724,0.9999975249548901
671,0.9999979966148494
798,0.9646515226327211
2341,0.9999999999224646
4262,0.999999890651042
1950,0.9999980354864029
799,0.9999971654949517
2575,0.9999982312160483
660,0.9999982581567542
6432,0.12949809893664238
3168,0.9999974580844353
7435,0.9999979141268834
4010,0.999996825214245
2882,0.9999982807135592
5930,0.9999977727540811
7716,0.11311756701148847
4054,0.020437864342885175
3148,0.00013957426822009192
670,0.03732035075971273
3519,0.9999999998731431
5770,0.11526812344158094
8876,0.516117342303526
8357,0.12949809893664238
1620,0.0002573144491198452
8558,0.0004781805936476698
6786,0.9999980802608083
3825,0.12949809893664238
5857,0.00037731879907090197
7685,0.05695495429290631
3947,0.0014668445570651695
6449,0.00038863312401334044
8636,0.12949809893664238
6046,0.9999984272520323
3205,0.11031044908631035
9435,0.9999970688825668
6865,0.009663076817262488
281,0.9999970367941446
6922,0.09036388870815211
3536,0.08367403606360585
4555,0.07792918421111736
5364,0.0009304248133033979
2483,0.5808678553912117
3524,0.9999999806810577
3117,0.5307605778264225
1152,2.2122615367637322e-05
3912,0.1205911831449455
1297,0.9999980280537092
2896,0.0003349730071234104
5804,0.9999966662259957
5722,0.005758565972339129
189,0.11830458923364211
2376,0.25193042261946463
4635,0.7362821659516198
4801,0.9999980481888658
5972,0.08018850494326364
2461,0.07487184403787517
1168,0.0766349115869649
5136,0.9999999949684351
7806,0.9999999999617989
2559,0.14650494207314446
2139,0.9999990382406909
10562,0.12949809893664238
1497,0.6915676954765128
4757,0.8141115883805712
1354,0.9732412863822715
5896,0.9999978873371098
6453,0.11658178233318511
1426,0.08611789562260502
4271,0.08428994155601333
7673,0.9999999992399355
7782,0.8623266663406955
8181,0.9999999999751649
1797,0.9999999968343568
8615,0.999998291050232
3097,0.9999993816433901
5306,0.9999999999365433
9633,0.9970581484973495
8700,0.6319046430876922
9876,0.9999986760684717
8045,0.9796438688158294
7750,0.0011408757707137005
6370,0.2532513592275243
7093,0.9999999999904239
8018,0.05368967598294398
1118,0.12949809893664238
4849,0.999998152817203
9627,0.10406489037375616
829,0.9944863231573481
4164,0.9999999999958649
1707,0.9999979061934751
6752,0.1135323174333147
6236,0.015809506753762585
4052,0.002907324672486459
5283,0.12949809893664238
2856,0.9999982925827413
4630,0.007500911367269059
9563,0.9999968732943807
6576,0.9999998037315224
5721,0.6971052840143527
4305,0.9999999991033673
8972,0.009559964300585956
1694,0.9999972783464355
3582,0.8438890545209106
3913,0.046583787371293386
470,0.9999999990330324
4195,0.00031533167692674726
3422,0.12343812310735776
9744,0.06022355159066823
4206,0.0082119912801046
7971,0.019296883209895067
141,0.0004810098998934351
1994,0.9999979799786828
1602,0.9999996392301287
1031,0.9896536380160524
9150,0.00933641135572688
8528,0.13050180640444997
7545,0.00031428712735987553
7448,0.000654307387506137
1821,0.019977908645238386
10075,0.001904455107520689
5242,0.00010259610242320722
822,0.9704028313201746
4826,0.9999964314685691
910,0.12949809893664238
10147,0.12949809893664238
2018,0.9999979399910388
8916,0.0010038766076198439
4880,0.9999977740702277
184,0.0021451226243709752
6081,0.999998024197568
4281,0.004797999010119911
7418,0.9775506945361575
6054,0.9957432383709943
7972,0.12949809893664238
4894,0.9999992709180957
5313,0.9999980731287983
5046,0.0013895321851526705
7183,0.0005626377300173674
5347,0.04039073938322578
5051,0.9809051989389705
495,0.19655699974453825
5985,0.9999968871351979
1227,0.9999969850717991
7594,0.999999999738279
6178,0.9999999996654443
9344,0.9999981630172943
3681,0.9999980863236422
2805,0.9999999994337653
8237,0.011234868871850417
5139,0.9999999892698659
2347,0.9999999999970399
1978,0.12914562193129325
7824,0.12949809893664238
873,0.9999977822540693
2569,0.09140841573394075
4704,0.9999974499386577
6974,0.9551242664913467
4454,0.08768628004418884
35,0.9596076546478152
8231,0.12749148411475
9280,0.04133521372808665
6567,0.0047344768248118955
2088,0.9999975958431059
925,0.9999982047439027
9958,0.21718939989328154
5234,0.12507571344161525
7623,0.12949809893664238
6074,0.8503722895514692
8115,0.0044929678310458385
10462,0.036107819303173694
5008,0.12949809893664238
1256,0.12203861904220206
5001,0.9999999790307045
6885,0.16045301746891455
7509,0.15070945684841927
6251,0.9999973476691543
7250,0.9999983884372317
9502,0.9999999906021318
267,0.19255079810743714
4109,0.9999997947631697
819,0.08870702013658581
9397,0.9999987336732151
3707,0.999999999930582
870,0.23067954095521456
10203,0.12949809893664238
9241,0.9999998426944731
5215,0.12949809893664238
982,0.9999999830398302
3878,0.005656725727375378
1847,0.12949809893664238
10457,0.9999966765131661
7811,0.12949809893664238
6205,0.999999978208022
8311,0.0005277792112272425
7657,0.372032444389939
8174,0.12949809893664238
2119,0.040985416111312824
7893,0.9999977945310002
7754,0.44166501576818923
3684,0.12949809893664238
3585,0.11965935098605547
300,0.11593851181790721
9176,0.9999979290308276
5879,0.9999970578634272
1457,0.9999969370841634
5040,0.11637362932261934
1862,0.015771091647023006
9749,0.9999968397430639
161,0.9999985012111237
6134,0.9999818001615869
4995,0.02560974990946316
54,0.11656617223577624
5125,0.0033681413155304384
2032,0.9999999998682616
8210,0.055501124959447805
3816,0.08566038883732278
1769,0.007701448638510271
6156,0.4847856851128967
8667,0.9999949667788114
2974,0.19633399806194915
3417,0.012915201103362087
2835,0.9999999373321573
1668,0.99999702147771
10028,0.994937571337338
5619,0.9999997787751499
3169,0.16493203158379527
9153,0.02504819609754479
8746,0.9999991038999831
8049,0.9999999970189156
10564,0.007415311313658084
8691,0.9959964934229836
2765,0.9999972947701802
52,0.9999999999865742
2663,0.00016480588137176788
3014,0.9974444804799072
9453,0.9999999960102121
8078,1.1009525476653409e-05
2356,0.372032444389939
7595,0.9928378024347152
2195,0.12949809893664238
7633,0.999996967259548
1259,0.12193298105430973
5214,0.07424930954087124
531,0.00044864528205248885
2398,0.05837327791446756
5458,0.9999978061091733
2794,0.9999997211677119
153,0.11303428149053488
256,0.9999981897307026
8787,0.132429366198966
4496,0.9999964626207163
9649,0.007040385706599878
461,0.13249231349136176
502,0.054079718800853764
529,0.009886121919384042
5529,0.00017506705139743695
9391,0.9999970763764864
1032,0.9999999836296943
9896,0.07426635331540958
5557,0.22569815481423222
1836,0.05072437863717756
3476,0.061191348599222095
7104,0.10157007176474525
5480,0.00884936877715137
1717,0.9999999997745113
1333,0.9999968001446228
1806,0.9660937757526131
8297,0.11662637859346907
2806,0.0572650622002693
3407,0.12949809893664238
10518,0.027921370136143264
6043,0.0005759798019738944
8857,0.9999996760584082
8456,2.7388360398361985e-05
427,0.03863515702561572
4028,0.999999998880825
1988,0.04418976788725629
7354,0.008338247577590892
2393,0.032198306194937194
452,0.0014941619026014544
5445,0.9999984840737536
7637,0.9999971949773314
5486,0.9999987579160036
4175,0.42407085863346994
6068,0.12903801056407987
8968,0.7517773774621226
9384,0.9999986185739859
7470,0.9999999940204699
9319,0.9999981556517944
5817,0.9999980767547667
10294,0.9999971289633595
1313,0.12949809893664238
10181,0.08327533151469771
5269,0.016063356085713867
127,0.00033638106280741255
989,0.9999999635505407
10234,0.12949809893664238
4799,0.9999967574960721
3834,0.9999998791065898
9206,0.372032444389939
4753,0.11799037080211518
4437,0.9270460692536187
3520,0.9999975863804675
10124,0.11358665141548413
1318,0.12949809893664238
2055,0.9843217020071457
690,0.9999978203579369
1294,0.010767192123059337
6522,0.9973327176603896
4453,0.058716515698991265
624,0.11139416661244789
2863,0.9999971062121109
4922,0.12949809893664238
4120,0.0011267117667117515
8164,0.0015955382983053206
2317,0.002178961106962019
6058,0.005208983790554955
1428,0.9999984245212574
3577,0.02338257060087521
5811,0.9999980896236735
1430,0.999999949159471
4488,0.13211012189464116
9634,0.9999968145408231
4482,0.9999965252402757
4580,0.999998006391154
2571,0.024694177624737648
10499,0.999997498770337
3932,0.0055654748459770574
377,0.9999999453755629
5851,0.024506002570754352
6384,0.9999981558391589
6470,0.016112980261092504
8505,0.12949809893664238
4268,0.0002759209657532414
10397,0.10946837444087004
4309,0.12364755090623274
1949,0.9999999996953707
2097,0.12949809893664238
9709,0.01703603071067369
4936,0.02554289998242724
4033,0.01320659074371127
3828,0.524154325181697
8862,0.04694939027613073
374,0.8623909877155691
401,0.9999986199070354
10015,0.9999990506540487
7613,0.07251813275512058
4397,0.9946870221622541
2329,0.9999999614033988
4733,0.9999992685149878
1552,0.12949809893664238
2486,0.9999996891742883
940,0.29694025264368296
7118,0.9999970545472642
8060,0.9999971975847973
1550,0.9806152430540389
6202,0.09211021821896312
8980,0.18896117751007627
8162,0.9999992221986176
10066,0.11726471490831297
7981,0.0023764682553200018
7336,0.9999974434043647
6277,0.25204943503980104
1670,0.9999971912653808
6007,8.318263655895869e-05
7832,0.04152097440493509
2612,0.004887471302465392
8320,0.9999974866319834
1779,0.9999971119759503
6107,0.04661224170066106
2537,0.9999860684009838
2726,0.9999975119823672
8717,0.9999999555488819
2201,0.12949809893664238
6276,0.1375939142128351
3293,0.9999999974962694
7907,0.9999981589714878
7321,0.9793131425216807
840,0.9964813212214774
1081,0.8743895014729044
8289,0.9999988724653701
343,0.06115956275179236
8184,0.004767364331091294
7166,0.9999987373996838
8805,0.9999970426105333
9407,0.12949809893664238
5573,0.0012969441962041662
9330,0.9999997795726211
2215,0.9999980580858291
4105,0.11244639654264846
7699,0.0840404392963107
5850,0.9999984745228395
10228,0.9999981533947717
638,0.9999995803244188
5633,0.038077349707538774
5919,0.0452129285788444
4573,0.12949809893664238
7164,0.372032444389939
5093,0.999999771102238
9815,0.9999999993320723
8411,0.9999975490764387
8955,0.9999982644628292
9556,0.12949809893664238
7349,0.12949809893664238
8436,0.9999979583954398
2631,0.9999978709834244
2739,0.9999979051175304
3930,0.12949809893664238
6833,0.12949809893664238
9186,0.999997488250508
3150,0.0817611878280417
8328,0.00018985307704791614
4006,0.9999999849316648
3065,0.018631493318582857
3305,0.9999999230627749
2506,0.11570539236052683
9737,0.7207842470890086
5178,0.02500738255423619
9452,0.009004824124381342
10111,0.199428481529755
1652,0.000282341982134346
10134,0.12949809893664238
7247,0.11209049381129962
4363,0.9999981082730994
1712,0.9999975439219486
4232,0.07737837427654938
5626,0.0037144498173694138
3049,0.999998207546332
5397,0.03674245259757876
8637,0.06819445958913024
8785,0.12949809893664238
4438,0.9999993294752398
1410,0.008550763238850479
6902,0.691592066173114
187,0.11829875279897852
3883,0.9999996421429131
3988,0.9999991001536145
5620,0.9999971830670866
2904,0.013617476974889593
3926,0.017604776951604895
9020,0.9999999999388628
2947,0.00026345280083735396
2364,0.9543134230447462
5291,0.9999983400815444
7078,0.005113412645933808
4477,0.06562347443030238
4333,0.977156462103586
9247,0.14253685423399418
6957,0.07122170819144089
7281,0.0032581029748447268
4012,0.12949809893664238
975,0.9999976619201754
8037,0.9999992818770613
10408,0.9999976305204994
2900,0.9752005795622684
6457,0.9518499366428066
9292,0.9999996081127674
2115,0.029984059406388718
9001,0.9999999739381544
8981,0.013023970795436931
6085,0.12949809893664238
49,0.8767707917855249
210,0.11014535535045818
1607,0.169031414604456
5256,0.9999999999990463
3170,0.9999979879993182
147,0.9999998800634997
7627,0.9924246445539665
83,0.11607773779808848
3686,0.016156673182692045
5133,0.00013266683314687504
935,0.0005608660219381872
2875,0.11562262492576289
7277,0.0008794543168207241
55,0.9999974968178884
1253,0.0006704823241696136
3406,0.9999999864699943
2474,0.9999974443191617
8451,0.11953462363356951
7301,0.9999998105618503
8466,0.010053475213489685
7499,0.4553373455969754
4926,0.9999969692999944
9033,0.00024681519492036105
3999,0.0008244749937794915
1017,0.0025906041692735754
947,0.9999978889700533
7798,0.004473526667943309
6280,0.10420530950886889
6393,0.0037892649947681013
8056,0.05966615400807495
9003,0.9741575741621809
4481,0.017014269396441996
5134,0.001759492927953095
4804,0.9999999617224488
34,0.10386203921373588
5659,0.9999993867496524
4519,0.08697214957195372
6272,0.9999979921616559
765,0.08247185251867943
3752,9.243512315392425e-05
1753,0.0011557982820546387
2123,0.11947455811217125
1802,0.999999859263955
7678,0.99999999384476
4547,0.004791036134772033
3793,0.00013258663925057662
7453,0.010977047072524474
5330,0.6300791022441604
4093,0.99998859228791
2362,0.99999955692653
7116,0.008860514892394701
3135,0.9999999983535884
10536,0.10016580288805098
8484,0.008550763238850479
9002,0.9999999999672937
10204,0.0006492438499180379
7570,0.04796473076847565
1275,0.999996874634688
3630,0.12949809893664238
9096,4.5757032691709416e-05
3475,0.1156900761159977
4818,0.9999999997606686
2019,0.13722057549585887
10402,0.12103502137232293
643,0.9999998785472668
9927,0.06969207291164736
2827,0.08056002060614348
288,0.9999998132613844
7886,0.0014066306984836837
6584,0.9973613910508682
5554,0.9999998045449339
6329,0.11452788989429095
1233,0.12949809893664238
2541,0.005758171907399767
1150,0.99999999980367
8459,0.9999999667228148
1814,0.015053149889847399
5564,0.08028075237139579
4306,0.9999999979547165
2144,0.0001510119258831576
9792,0.09117145859665393
4634,0.010876719661431366
10084,0.11235679594351736
9847,0.11462529120108521
8510,0.372032444389939
8921,0.1096333901440859
2509,0.999997523534645
2111,0.9999994416466543
7505,0.00040050333153331905
556,0.0027812232903698837
9596,0.9999978225839209
1863,0.09219195752343977
8172,0.11171971954469107
8404,0.9999975145461985
3607,0.003384863230665267
7802,0.9999999941466141
3503,0.09106620180481884
5624,0.12949809893664238
331,0.9999978555030012
542,0.9999972055179084
9705,0.0037915681723564862
3592,0.12949809893664238
5018,0.011883432850297833
5800,0.9999974558073207
8651,0.03306185238606371
7600,0.0717300830407222
9509,0.11842191735296154
5431,0.0018346705856488754
7454,0.04683956546459284
8106,0.024601789233770537
3137,0.7724915409041971
702,0.9999951168191153
6287,0.0596538893042987
5657,0.03993423060569581
8027,0.2916160302678286
5350,0.11273865036620961
30,0.9999999533405902
2677,0.9999999893725601
3898,0.999995721840886
9451,0.999998024711539
9949,0.003094066150336141
8074,0.0005455232907910618
6618,0.9999999876046644
8351,0.11472843409453938
7861,0.0013187153695034216
8914,0.12949809893664238
9820,0.0003645039536552814
9148,0.9999992845036008
1334,0.678050153953828
1684,0.9999999997628554
6414,0.11437808726903859
6967,0.9999920113583405
1726,0.9999999941376749
9178,0.004032169158637502
6642,0.12287234733628771
1024,0.9999992269610847
6437,0.01236765521840514
7042,0.9999999098261936
5319,0.0008556318258602474
4594,0.131115448049813
3702,0.9999999998113643
4882,0.9999999990055046
4243,0.9999999999883383
4750,0.9999855966922441
5735,0.8742856612337083
1432,0.12949809893664238
7576,0.9999979147203394
7455,0.12949809893664238
5563,0.00016647782807034764
2291,0.9999985120719727
5386,0.19076404776072453
8490,0.07434598721825703
2357,0.002112355265553227
5473,0.20274930581486256
7091,0.9999988956856852
2464,0.9999999999859268
2801,0.9999999997007499
6604,0.9999999973659248
2122,0.999999997849785
4320,0.9999979727340037
1841,0.14400748053866647
8129,0.060239610997133555
3149,0.716325877222302
10525,0.9999980985601049
1869,1.962814538478566e-05
8664,0.22241854495589047
1941,0.00013951961792064358
5216,0.003594862713437154
7993,0.07059404724820174
7327,0.05084188618148183
4076,0.07581349448300848
6544,0.12949809893664238
3300,0.9090924999072476
9139,0.9999999836036418
6761,0.9999973062111368
2220,0.372032444389939
5661,0.995048947394801
1676,0.9999999985348255
1572,0.9999984194538849
9545,0.10932428513838915
212,0.0011274104971854136
2498,0.0011790086705301785
5758,0.0032460065557761097
241,0.9999980204783453
7872,0.9999999866179018
10546,0.005097892096791937
9615,0.2906850604339054
882,0.08442087677579616
5753,0.1132374431607358
547,0.9999999978089285
10275,0.09318153715877142
7686,0.20586826410743855
6508,0.9999978591636066
4296,0.9999999791732479
6625,0.9999999884534597
404,0.10510971071431532
1289,0.9889536854949488
5239,0.9999999991253593
10261,0.9999999724986922
2649,0.005831374773219808
9886,0.9999977176402449
5341,0.9999999992606589
869,0.9999998257353387
5533,0.9999981159383762
1560,0.999997811531359
9892,0.8898006908769901
1933,0.08076031542313351
5885,0.1110165468497748
7833,0.0006307798914991963
7296,0.10619598569706866
7373,0.9999978289996935
8983,0.04151737472110551
5842,0.12949809893664238
2194,0.05689704864665677
132,0.999997750382238
2659,9.979090659969341e-06
7896,0.27096341301216986
7887,0.9999976600554248
5745,0.9999980116860333
2409,0.011217148397534201
2253,0.9999999550542603
1434,0.999999995598886
6946,0.05069624792311193
6510,0.9999984806339851
6982,0.6668839605047651
8999,0.005985380720547718
5170,0.9999999999957895
10158,0.07125855167704727
234,0.12949809893664238
9034,0.8802583471335941
3801,0.9999978716073464
3887,0.12949809893664238
10361,0.9999999976084175
5385,0.995978671920557
6575,0.9999980335839451
3560,0.0025713069687277
2112,0.999999990051892
4307,0.9999995020937421
8704,0.9999959324066225
10476,0.9999981254300806
4637,0.024946510951608176
2953,0.9999978409906122
1320,0.9999965682560735
3264,0.7632460561397414
7904,0.9999972085198292
9144,0.9999976785462705
4494,0.9999983273385487
4819,0.9999999086272569
3781,0.12949809893664238
3459,0.0003094127106066331
5681,0.12949809893664238
6507,0.007059156553110082
3722,0.9414507431433451
398,0.06295389234543107
9377,0.9907120329178972
978,0.12949809893664238
3104,0.9999976453358953
2693,0.11775002727415747
3803,0.9999998589929163
9533,0.9999968670980024
1173,0.372032444389939
10307,0.9999993470631113
10326,0.08051848846126902
5113,3.226754103660144e-05
1116,0.6865757338095662
10452,0.9999970505301521
8013,0.003046123792442612
6491,0.11628128971780646
9906,0.9999970587578206
7531,0.372032444389939
102,0.02501323832711152
5233,0.9999980643994613
1661,0.9999982403018782
8280,0.6051263691248252
1000,0.9999999990150619
3743,0.9902282975883191
1501,0.9999978105009375
3809,0.9999999993816473
8647,0.9999999970127313
1959,0.05739369497308392
1690,0.0028465145586147452
5498,0.9999999945359357
837,0.011422527923350287
8788,0.9999999996342829
4114,0.0038667693434933288
1413,0.999999993912186
6836,0.9999978925490938
4240,0.12949809893664238
1908,0.9999999967312201
5750,0.12949809893664238
10087,0.00020325950151658034
2680,0.9999999985358168
4323,0.9999999980443653
4439,0.9999979074611358
8517,0.02415180920847116
933,0.9999993930933273
33,0.9999978630158577
4295,0.05739369497308392
3258,0.9999999998892447
7497,0.007711794633402394
9276,0.12949809893664238
9811,0.057575522948108214
3833,0.12949809893664238
7682,0.00417746072479061
1748,0.003035959670310794
3693,0.9969812043475922
3608,0.999999285950597
10230,0.12949809893664238
5468,0.25187869535187596
10464,0.9999970562794804
6932,8.588483629085676e-06
3616,0.12949809893664238
9603,0.9999977834854269
10394,0.9999982714210934
5509,0.9999999890605148
3731,0.9999976534172758
5827,0.11186766464048774
10527,0.9999967021870183
7004,0.9999993733435327
3210,0.9999999576056906
59,0.9999972025013661
2660,0.9999974996556059
1909,0.00033069326535170595
8569,0.9999972056477364
2862,0.0572971876081347
5966,0.12949809893664238
2639,0.08657682453336116
6838,0.9999985233937726
9527,0.9999999999944231
5345,0.9999978382063255
7702,0.9999957081148471
3242,0.0019003672434330045
6516,0.9910973324561129
10412,1.1970207825034011e-05
8213,0.12949809893664238
2598,0.9999974804864457
6193,0.0014899850667734324
9593,0.9999981144444953
6646,0.9999999981837223
5388,0.12949809893664238
6413,0.999999998889798
1540,0.0018724713963700834
8660,0.0015494414493374073
2999,0.12949809893664238
3194,0.0004148461052612795
9437,0.9999979423533573
9473,0.9999999899484833
877,0.00037731879907090197
9640,0.12949809893664238
4434,4.831142805472467e-05
8385,0.12949809893664238
2542,0.12949809893664238
3281,0.03229142468153214
7820,0.01167092492453909
1418,0.9999961737143876
6079,0.12949809893664238
3685,0.40674929951030975
9361,0.07964901884525458
3364,0.9755573609282782
7495,0.061357817411898996
8226,0.03873257078435849
8043,0.9999998564432858
9924,0.04091000243639095
6018,0.12949809893664238
3,0.9999999993892182
4592,0.11294275061977724
10125,0.9999996916811212
8900,0.9999999303694762
7028,0.9999969282594839
3419,0.0012770402832002368
5514,0.999999998539474
2770,0.9999999999624222
5007,0.9999980949903273
1931,0.12949809893664238
9768,0.0006880447975287046
3337,7.406937362272751e-05
703,0.12949809893664238
6685,0.9970409592014741
6064,0.9999999999958209
1881,0.004129988807685159
4842,0.9966860246945787
8432,0.034222200275480515
3569,0.0008431488499929694
9797,0.12949809893664238
2829,0.09944306848975623
3739,0.03279298013914738
2128,8.360116165281441e-06
2372,0.9999889675428286
3354,0.013840140190366518
3321,0.9999980905007664
8532,0.9999971490575662
1800,0.005258178344473508
2560,0.013627366999061134
3936,0.12981215038600308
2588,0.999997785865598
4890,0.9999950826927884
8912,0.9999987723122041
6192,0.11092495434008552
8658,0.09616580686480934
5272,1.8580874771360642e-05
10404,0.9999982211027898
2299,0.060873034285412554
9419,0.0016010334818481718
3018,3.486030336135112e-05
8642,0.9999981046012181
6594,0.00044292366238800503
8852,0.04935508700159108
9212,0.999999888970893
7081,0.9999970465998558
8469,0.06778109972221821
1372,0.12949809893664238
2514,0.10571072893260158
2311,0.04399802382679834
5548,0.6884508426435242
9024,0.9999999989904014
10324,0.10127770839908376
7735,0.11378539477129593
1488,0.9999910741598836
9130,0.9999970765330132
2307,0.9999976372112244
2374,0.0004440371691892231
10519,0.9999985257081232
10264,0.9999999387341182
9908,0.008284255841845521
1073,0.029202530904441366
118,0.9999988676003728
8884,0.00023239611998088428
242,0.11692356440792241
6300,0.2058078466634215
5422,0.9999999990568009
899,0.9999997138160915
773,0.00026234070738673145
70,0.9999871039730561
9249,0.292557853509872
8847,0.0009473120768409893
432,0.9999935238940538
468,0.9999972761481506
7830,0.9999974860300719
4642,0.9669022500695634
1782,0.9964866493226662
8683,0.12949809893664238
8551,0.36183046283109516
5224,0.0014956356153129778
922,0.12949809893664238
757,0.9999970134132662
1101,0.07772747724495566
6804,0.018872338777160776
9266,0.9999980768286064
6487,0.00010899906501479165
5627,0.048667669243290336
4972,0.9999997648116605
3596,0.9999978611117919
1420,0.12949809893664238
10209,0.12949809893664238
8629,0.9999981536376947
3147,0.9763382607149097
9821,0.9999985885102818
10377,0.8299488847389894
456,0.0003776377627623742
9887,0.9999984298400166
8864,0.9999999984496329
5665,0.005672748274152347
1764,0.12341186034554147
9198,0.9999993885213657
7536,0.12949809893664238
991,0.9999998037672027
1537,0.9999999999956838
3450,0.9999975258035356
5663,0.9999999173361491
4221,0.12949809893664238
3350,0.9999999999926642
943,0.009549949651578259
3203,0.9999999999713279
1144,0.30976555059122196
2334,0.999997048801557
7074,0.9999982693781496
10071,0.002647831056142975
7540,0.9999979771537012
4143,0.0005886619097232606
6643,0.12949809893664238
1067,0.09169936769995123
6356,0.9999852750662871
8133,0.014527228000293765
108,0.1720981449357674
308,0.12949809893664238
7432,0.01875460448159053
2652,0.9999994759874653
4740,0.9999982740907428
7048,0.287349341371529
490,0.12949809893664238
6808,0.00012081075246827382
7990,0.963386901823253
4460,0.12025027546993407
6803,0.999997968927364
2414,0.12949809893664238
8085,0.001955318868371484
2031,0.9999983019410809
8476,0.999999992579399
9840,0.9999977978801298
2853,7.021948596151769e-05
8114,0.6956792667541185
6245,0.9999980000823674
8918,0.9999999364138572
2621,0.9999999997527222
5344,0.12949809893664238
3775,0.01241964169396763
631,0.0030054948146774185
10481,0.9999999561335841
8188,0.9999976842863306
9830,0.9999981256211167
5426,0.9781692967628416
6688,0.9999999993793738
4132,0.999997403837179
588,0.9999999966860103
5600,0.9999999999934203
4743,0.09463578418840662
8711,0.2745926905319985
6039,0.11610214344752827
4576,0.12949809893664238
6941,0.00012548620631107677
10202,0.003593544984243901
6632,0.12949809893664238
1079,0.9999999952098599
9642,0.00081611065351877
5401,0.372032444389939
600,0.09253818960572759
4873,0.12949809893664238
5558,0.10357287072006659
483,0.12849103246165416
10378,0.9999965911392498
9004,0.0773874418749587
2809,0.99999212778402
9542,0.99999804810877
3215,0.11716026500970038
6924,0.12949809893664238
7213,0.01463510725885922
3105,0.9999980702647209
9771,0.9999994239019115
632,0.9999999725763515
3232,0.9999983183235491
1543,0.018619383529312885
2164,0.9999978332734729
4559,0.0065732502816398235
9530,0.9999994061560328
2033,0.12949809893664238
2842,0.9999925786484409
4186,0.012135852009012849
4078,0.0992524662713076
8093,0.9999983632703683
7286,0.0725192449017461
7044,0.9999991827534155
9234,0.12949809893664238
8536,0.0014867930412563286
307,0.9999979163040272
4382,0.2367472177476929
1350,0.1531409293292949
4632,0.9999976879849074
5639,0.003922291653229093
6445,0.12949809893664238
10511,0.11171200181889612
8601,0.03863783571158089
137,0.002592227166216275
2298,0.9999955637623342
8978,0.07780868017035843
7218,2.794079662279289e-05
856,0.17665973163595794
736,0.10067015318157568
7719,0.8348124878650317
3177,9.361657111218195e-05
2564,0.9999999026308511
3123,0.23792761867519596
4827,0.00019251575140359208
6386,0.10973969522739518
708,0.9999983116276878
1414,0.9999972420910465
7190,0.0008482222846972882
10298,0.0019054328927293012
838,0.9999982175395612
10145,0.9999989079679871
3071,0.02126194399843253
5329,0.04160089765888952
462,0.9999974930153774
9809,0.050951434927073415
7279,0.9999983501985767
2707,0.00019223959499703144
3671,0.9999980798643022
516,0.9999985001228057
10395,0.07250992268767621
8167,0.12949809893664238
2138,0.816928925737589
5192,0.6809310068666549
1377,0.05199276230740776
1390,0.0010225449048451637
1244,0.12955281065755148
8424,0.00026301613179633625
205,0.12949809893664238
9592,0.9999999999643853
116,0.005698726077852405
8306,0.07666419576832582
7649,0.9999978813108205
9560,0.9999999612906546
2102,0.0011896135667486983
10490,0.9631706456685765
97,0.12949809893664238
7618,0.9335000147956216
9413,0.01334592462717486
6148,0.12949809893664238
7147,0.9999981906998922
2430,0.999998820729601
7539,0.9999977345795174
7475,0.8747642430635562
7796,0.9999985741362328
1582,0.9999999994242115
8454,0.11629057644381632
3164,0.043972533153555635
2375,0.999996695027477
980,0.0015114767233185874
10233,0.1568922322329557
2271,0.12949809893664238
7843,0.9685478685743414
6165,0.9999985324584492
3449,0.9999981626329636
8757,0.9999999859189397
9757,0.9999970092590006
6925,0.9999957884351357
6191,5.305628627776667e-05
6985,0.028934360408624626
9064,0.04172488537619944
2691,0.9999970104072563
657,4.787614405105758e-05
858,0.03754436071826223
6677,0.9999972018516228
642,0.06900551815309569
2627,0.00018785951911029768
1569,0.9999998284471582
3674,0.00098190017601066
10095,0.001985132830549162
7423,0.12949809893664238
4993,0.10030017621276785
4983,0.0027352405875375354
7070,0.999999148717859
700,0.9999997883384362
2447,0.005344079713279011
2380,0.9999972603116012
8418,0.9999999766741136
1288,0.09273257916534704
9400,0.10237341052013087
8530,0.10288094384097587
784,0.11901673302264555
2969,2.0064926037366787e-05
892,0.9999977582611999
5679,0.006643935427368145
4650,0.1113091014635961
994,0.9999977102286333
9751,0.9558741855836032
9462,4.984003574638248e-05
4958,0.9999971517634602
506,0.9999999578196895
4631,0.0005222713677743801
4321,0.08384553092438896
5617,0.051353443310032935
7571,0.9999991024678263
6873,0.12949809893664238
7964,0.0001221303664486381
4567,0.002569737372427422
7429,0.9999985049012187
3615,0.007560510953837249
8744,0.1341545615402053
1142,0.004843334600159666
6189,0.06131668520920004
3411,0.9999999999587424
9133,0.9999999982796471
5806,0.9999999932936899
2385,0.372032444389939
801,0.9999999080498956
4672,0.12949809893664238
6530,0.12949809893664238
260,0.12949809893664238
6624,0.0017053855943724846
2001,0.9999998433871521
8403,0.12949809893664238
4935,0.0011821869996566279
7264,0.0345747739718501
9714,0.9999977720343718
5903,0.9999999798589865
3176,0.9999981239040151
7441,0.9999981472871589
